Handle,Username,Date,Tweet,likes,retweets,replies,lang,neg,neu,pos,compound
@rtehrani,Rich Tehrani,2020-05-31 23:39:32,"@UnitedHealthGrp and @Microsoft Launch ProtectWell Protocol and App for COVID-19 Return-to-Workplace Planning https://buff.ly/2Mg0SPN¬†
#pandemictech @news_pandemic #CoronaVirus #CoronaVirusOutbreak #COVID2019 #covid19 #virus #Corona #pandemic #Quarantine #socialdistancingpic.twitter.com/k5azYAXkZ3",0,0,0,en,0.0,1.0,0.0,0.0
@TomthunkitsMind,Tomthunkit‚Ñ¢,2020-05-31 23:38:12,"1 OF THE 3 #CORONAVIRUS BOMBSHELLS IN MY BOOK HAS JUST BEEN PROVEN TRUE:
Scientists from China have identified two strains of COVID-19.
See pages 44 & 204: The Dangers Of The Duality Of COVID19
Get your copy now: https://VIPPUSA.ORG/free-book¬†
ABC confirmed: https://tinyurl.com/tkrfrjl¬†
02",1,0,0,en,0.108,0.821,0.071,-0.2185
@GBLHealthImpact,Global Health Impact,2020-05-31 23:35:07,"Strong leadership from governments and the @WHO has so far been effective at containing the coronavirus. Africa‚Äôs #COVID19 cases remain relatively low three months after the continent‚Äôs first case.

‚ÄòCOVID-19 cases low in Africa due to strong leadership‚Äô https://www.aa.com.tr/en/africa/covid-19-cases-low-in-africa-due-to-strong-leadership/1856474¬†‚Ä¶",1,1,0,en,0.085,0.712,0.203,0.7759
@SynchronySys,Synchrony Systems,2020-05-31 23:35:04,"RT @FintechCH: Report: Consumers Turn to Non-Traditional Players, Bigtechs Amid COVID-19 Crisis https://buff.ly/3deONpQ¬† @Capgemini #fintech #insurance #insurance #bigtech #covid19 #coronavirus pic.twitter.com/32TSeS0Un5",3,1,0,en,0.17,0.83,0.0,-0.6249
@BudgetHawks,CRFB.org,2020-05-31 23:35:00,How much #COVIDRelief has been committed/disbursed so far? Where has the money gone? Our updated #COVIDMoneyTracker has the answers http://www.crfb.org/blogs/covid-money-tracker-policies-enacted-to-date¬†‚Ä¶. #COVID #COVID19 #COVID_19 #coronavirus #stimulus #COVIDResponse,7,3,0,en,0.0,1.0,0.0,0.0
@juniajacinto,Junia Jacinto,2020-05-31 23:34:49,"DAD. Pt.1
 @_BreezyNipples
#thisvirus #covid #covid_19 #coronavirus #CoronaVirusUpdate #COVID19 #Coronavirus pic.twitter.com/vfTWpXzAYc",5,2,3,en,0.0,1.0,0.0,0.0
@InsidrFinancial,Insider Financial,2020-05-31 23:33:33,"$BIXT seems to have a drug that has been through phase 2 that they are repurposing for COVID-19. 

$NNVC $INO $IBIO $TTOO $AMRN $MRNA $GILD
#bixt #biotech #coronavirus #pennystocks #stocks #covid19 #news #bioxytranhttps://insiderfinancial.com/bioxtyran-otcmkts-bixt-licenses-phase-2-asset-for-covid-19-patients-after-finding-smoking-gun-journal-article/179757/¬†‚Ä¶",0,0,0,en,0.0,1.0,0.0,0.0
@sukemomo,Suke,2020-05-31 23:31:02,"Last updated: 2020-05-31 23:05:02+00:00GMT
  Coronavirus [COVID-19]
    Cases: 6258733
    Deaths: 373677

#corona #coronavirus #COVID19 pic.twitter.com/SYVXKU8hKx",0,0,0,en,0.0,1.0,0.0,0.0
@thedextazlab,David Kisamfu,2020-05-31 23:30:26,"COVID-19 Updates (globally)

Total cases: 6,258,870 
Dead: 373,688 
Recovered: 2,785,171 
Last updated: May 31, 2020, 23:21 GMT

#covid19 #COVID„Éº19 #coronavirus
https://covid19.amsha.io/?utm_source=thedextazlab¬†‚Ä¶",0,0,0,en,0.179,0.821,0.0,-0.6771
@TechnionUSA,American Technion Society,2020-05-31 23:30:03,"More than 150 #startups are at work in #Israel solving #COVID19 -- here are multiple #Technion examples!

cc @VocalisHealth @DiagnosticRobo1 @RAFAELdefense + more!

#coronavirus #COVID_19 #ScienceSavesLives #TechnionImpact #StartupNationhttps://www.jpost.com/jerusalem-report/creativity-vs-corona-628581¬†‚Ä¶",4,4,0,en,0.0,0.904,0.096,0.4559
@CovidData2,Covid Data,2020-05-31 23:30:01,New COVID-19 Data at 2020-05-31 07:30:01 pm EDT #Coronavirus #COVID19 pic.twitter.com/XkMH5wXpwe,0,0,0,en,0.0,1.0,0.0,0.0
@coronanearme,Coronavirusnearme,2020-05-31 23:25:52,"Covid-19: 2 hour updates
Total cases: 6,258,870  (+22,446)
Recovered: 2,785,171 (+487)
Deaths: 373,688 (+3,256)
Active cases: 3,100,011 (+18,703)
Critical cases: 53,412 (+9)
Source: worldometers
https://www.coronavirusnearme.com/¬†
#coronavirus #COVID19",0,0,0,en,0.077,0.833,0.09,0.1027
@WorldCOVID19,WORLD UPDATES #coronavirus disease 2019 (COVID-19),2020-05-31 23:25:03,"Losing your sense of smell or taste is a symptom of coronavirus, UK officials finally admit as they urge people to self-isolate if it happens to them.

WORLD HEALTH ORGANISATION.    WHO.

What are the symptoms of COVID-19?

#coronavirus disease 2019 (COVID-19) #COVID19 pic.twitter.com/VVJHmox0M6",0,0,0,en,0.057,0.903,0.04,-0.2023
@DrDarcieDixon,Dr. Darcie Dixon,2020-05-31 23:24:52,"Are you (or someone you know) planning a #wedding in #2020 and don't know if you should be rescheduling due to COVID-19?  Well then, read this: https://www.drdarciedixon.com/blog/on-the-fence-about-rescheduling-your-wedding-read-this¬†‚Ä¶
#covid19 #weddings #psychology #weddingseason #biases #loveislove #lovewins #gettingmarried #coronavirus",0,0,0,en,0.0,0.945,0.055,0.2732
@GHOPromo,GHOPromo Media,2020-05-31 23:23:06,"Measures Taken by Government to Check the Spread of Coronavirus in Ghana
.
.
.
.
.
#ghopromo
#givingyouquality
#COVID19
#coronavirus
#covid_19 https://www.instagram.com/p/CA3tsxLpSE-/?igshid=heoyhb459l3t¬†‚Ä¶",0,0,0,en,0.0,1.0,0.0,0.0
@AnnastaciaMP,Annastacia Palaszczuk,2020-05-31 23:18:04,"Monday, 1 June ‚Äì coronavirus cases in Queensland:

‚Ä¢ 0 new confirmed cases
‚Ä¢ 5 active cases
‚Ä¢ 1,058 total confirmed cases
‚Ä¢ 197,367 tests conducted

Sadly, seven Queenslanders with COVID-19 have died. 1,046 patients have recovered.

#COVID19 pic.twitter.com/35s867wSrA",167,34,27,en,0.142,0.798,0.06,-0.5719
@mytg_official,mytg,2020-05-31 23:17:54,"Covid-19 update India (31-5-2020)
.
.
.
Do follow @mytg_official 
.
.
.
#covid19 #coronavirus #corona #update #india #delhi #telangana #hyderabad #stayhome #staysafe #besafe #behealthy #healthylifestyle‚Ä¶ https://www.instagram.com/p/CA3tGrpBL_B/?igshid=7bsyfxl8wd9l¬†‚Ä¶",0,0,0,en,0.0,1.0,0.0,0.0
@tavare24karat,rovitavare,2020-05-31 23:17:49,"new normal: it does not mean that it no longer applies the Covid-19 deployment prevention protocol. New normal is to act productively while ensuring safe transmission of the corona virus

Photo ID: 363092131
http://www.bigstockphoto.com/image-363092131¬†
#NewNormal #dailynews #covid19 #indonesiapic.twitter.com/okZ3xCfpVC",0,0,0,en,0.052,0.829,0.118,0.4215
@GlobalPandemics,GlobalPandemic.NET,2020-05-31 23:16:33,"COVID-ALERT: Inside the plasma therapy doctors are using to treat
COVID-19 - Global Pandemic News | #Coronavirus #COVID19 - https://globalpandemic.net/news/inside-the-plasma-therapy-doctors-are-using-to-treatcovid-19/¬†‚Ä¶pic.twitter.com/dY1DqyNPIK",0,0,0,en,0.0,0.881,0.119,0.4019
@withoutcorona19,Countries Without Coronavirus Bot,2020-05-31 23:15:54,Eritrea has no active cases of the novel coronavirus disease/COVID-19. #COVID19,0,0,0,en,0.167,0.664,0.17,0.0108
@TodaysRDH,Today's RDH,2020-05-31 23:15:02,"An examination of the new CDC guidance for dental care during COVID-19 and the impacts it will have on dentistry, from Spring Hatfield, RDH. https://bit.ly/2TDLQHG¬†
#dentalhygiene #dentalhygienist #rdh #registereddentalhygienist #hygiene #hygienist #coronavirus #covid19 pic.twitter.com/wCTiNWyzdH",0,0,0,en,0.0,0.912,0.088,0.4939
@mytg_official,mytg,2020-05-31 23:13:35,"Covid-19 update malaysia(31-5-2020) 
.
.
.
Do follow @mytg_official 
.
.
.
#covid19 #coronavirus #corona #update #malaysia #kualalumpur #stayhome #staysafe #besafe #behealthy #healthylifestyle #followforfollowback‚Ä¶ https://www.instagram.com/p/CA3snTmhyYW/?igshid=1vzhvycqf4p08¬†‚Ä¶",0,0,0,en,0.0,1.0,0.0,0.0
@maringov,Marin County,2020-05-31 23:11:10,"The status update for May 31st, 2020 includes updated Marin #COVID19 activity and a digest of COVID-19 announcements from the week of May 25.  Full Update: https://coronavirus.marinhhs.org/covid-19-status-update-05312020¬†‚Ä¶
#COVID #Coronavirus #MarinCountypic.twitter.com/Y1pMLMSRO2",7,3,2,en,0.0,1.0,0.0,0.0
@Gina_Alcera,Gina Alcera,2020-05-31 23:10:35,"New study says sneeze travels much farther than you might expect https://youtu.be/QFMy_-ffseI¬† via @YouTube
#Masks4All with #PhysicalDistancing and #WashingHands help #FlattenTheCurve of #coronavirus
#COVID19 #COVID_19 #SARSCoV2 #SARS_CoV_2
#COVID19PH",0,0,0,en,0.0,0.909,0.091,0.4019
@danrivera01843,Dan Rivera,2020-05-31 23:08:29,"DPH COUNTS 5/31:
JUST STAY HOME!
#LawrenceMA Deaths - 117
Confirmed Cases of #Coronavirus #COVID19
Lawrence ‚Äì 3,115 (could be 10 times that)
Essex - 14,225
Mass - 96,965
COVID-19 Mass Deaths - 6,846

THESE #'s ARE MISLEADING. ACT AS IF EVERYONE HAS IT.
JUST STAY HOME! pic.twitter.com/0CT7tAjpYX",3,9,2,en,0.079,0.921,0.0,-0.6145
@thecableng,TheCable,2020-05-31 23:06:11,"307 new COVID-19 cases recorded as #Nigeria crosses 10,000 mark https://www.thecable.ng/307-new-covid-19-cases-recorded-as-nigeria-crosses-10000-mark/amp¬†‚Ä¶ via @thecableng
#COVID19 #coronavirus #StayHome",12,4,0,en,0.0,1.0,0.0,0.0
@WorldCOVID19,WORLD UPDATES #coronavirus disease 2019 (COVID-19),2020-05-31 23:05:51,"A novel coronavirus (CoV) is a new strain of coronavirus.
The disease caused by the novel coronavirus first identified in Wuhan, China, has been named coronavirus disease 2019 (COVID-19) ‚Äì ‚ÄòCO‚Äô stands for corona, ‚ÄòVI‚Äô for virus, and ‚ÄòD‚Äô for disease.   #coronavirus #COVID19 pic.twitter.com/avI0kksgze",0,0,0,en,0.026,0.876,0.098,0.5267
@DavePicsBradley,David Bradley,2020-05-31 23:04:37,Keep On Washing! #covid19 #covid_19 #covid #washyourhands #wash #coronavirus #corona #patience https://www.instagram.com/p/CA3rlr9hXEJ/?igshid=4mo01ujzhknm¬†‚Ä¶,0,0,0,en,0.0,1.0,0.0,0.0
@DAILYSQUIB,Daily Squib News,2020-05-31 23:03:10,"COVID-19: How the Globalised World is Killing Itself

https://www.dailysquib.co.uk/world/35848-covid-19-how-the-globalised-world-is-killing-itself.html¬†‚Ä¶
#coronavirus #covid19 pic.twitter.com/8JOGQcLNeS",0,0,0,en,0.268,0.732,0.0,-0.6597
@thedextazlab,David Kisamfu,2020-05-31 23:01:20,"COVID-19 Updates (globally)

Total cases: 6,258,497 
Dead: 373,677 
Recovered: 2,783,942 
Last updated: May 31, 2020, 22:57 GMT

#covid19 #COVID„Éº19 #coronavirus
https://covid19.amsha.io/?utm_source=thedextazlab¬†‚Ä¶",0,0,0,en,0.179,0.821,0.0,-0.6771
@behavioral_CT,Coronavirus Stories,2020-05-31 23:00:02,Here‚Äôs another story of COVID-19. #coronavirus #pandemic #CoronavirusStories #COVID19 https://twitter.com/MFisher1274/status/1267229160335740928¬†‚Ä¶,1,1,0,en,0.0,1.0,0.0,0.0
@CovidData2,Covid Data,2020-05-31 23:00:01,New COVID-19 Data at 2020-05-31 07:00:00 pm EDT #Coronavirus #COVID19 pic.twitter.com/ZdVwjUB6A2,0,0,0,en,0.0,1.0,0.0,0.0
@Ashyldr,Charity,2020-05-31 22:59:56,"from the protests and riots, we don't look like we are lockdown or even social distancing quarantine is over.",1,0,0,en,0.314,0.686,0.0,-0.7438
@hectorvivas24,Hector Vivas,2020-05-31 22:59:05,A disinfection and cleaning team works inside Covid-19 Intensive Care Unit at Hospital General de Mexico. @gettyimages #COVID19 #coronavirus #pandemicpic.twitter.com/qp1Qgpa1Q9,41,4,1,en,0.0,0.856,0.144,0.4939
@MissingTheMark_,Missing The Mark Radio,2020-05-31 22:58:45,"This week on #MtMRadio,we did a #socialdistancing #podcast in person!Busted out the portable recorder,10 foot cables & hung out on the deck. Link below

#podcasts #podcasting #comedy #covid19 #StaySafe #StayHome #ROC #funny #family #quarantine #decklifehttps://traffic.libsyn.com/secure/missingthemark/Ep_24-_The_Boys_Are_Back_in_Town.....Mostly.mp3¬†‚Ä¶",1,0,0,en,0.0,0.857,0.143,0.69
@Crlos05,C-130,2020-05-31 22:58:33,"I don‚Äôt ever want to hear any politician say social distancing, we are in this together, quarantine or wear a mask.  Total sham.",10,1,1,en,0.0,0.944,0.056,0.0772
@akriohill,Autumn üçÅ,2020-05-31 22:56:38,"As lockdown eases, let's be mindful of our actions. May we carry the lessons & realizations we gathered from almost 3 months of quarantine. 
Don't forget:
Social distancing. Face Mask. Proper hygiene. Stengthen immune system. Follow orders. Discipline.",6,0,0,en,0.0,0.85,0.15,0.6329
@ChrionBeach,Chrion Beach,2020-05-31 22:56:00,Don't let Covid-19 miss your beach taste!  We add a new color to the beach fashion this summer with our new masked bikini sets!  You can review http://chrionbeach.com¬† to browse our products. #COVID19 #coronavirus #UnitedStatespic.twitter.com/0Z7bgVwYlY,1,1,0,en,0.0,0.944,0.056,0.2565
@was3210,Dr. Wasim Ahmed,2020-05-31 22:54:55,"COVID-19 and the 5G Conspiracy Theory: Social Network Analysis of Twitter Data
https://www.jmir.org/2020/5/e19458/¬†
#PhDChat #SocialMedia #Health #COVID19 #Coronavirus
@jmirpubpic.twitter.com/x9KRkrME3V",4,2,1,en,0.159,0.841,0.0,-0.5267
@KhemJnr1,Fr3me B“â A“â N“â K“â U“âüçÅüê¶,2020-05-31 22:50:13,This social distancing paaa na dem sai quarantine u  Tears pic.twitter.com/z3CnXkqDBF,8,2,1,en,0.16,0.84,0.0,-0.2263
@VoiceToData,VoiceToData,2020-05-31 22:50:04,"UPDATE: New cases of #coronavirus #COVID19 #COVID_19 

US (+563, tot. 1786593)
Canada (+40, tot. 92479)
Rwanda (+11, tot. 370)
Malawi (+5, tot. 284)
Zimbabwe (+4, tot. 178)",0,0,0,en,0.0,1.0,0.0,0.0
@GGZC1999,Gay Gen Z Conservative,2020-05-31 22:49:25,If we use social distancing and masks why need quarantine? XD,0,0,1,en,0.0,0.688,0.312,0.6739
@MullerDonUK,MullerDon,2020-05-31 22:49:13,#BBCNews #ITVNews #Channel4News #SkyNews #COVID19 #Covid_19 #Coronavirus #SAGE #Scientistshttps://twitter.com/RidgeOnSunday/status/1267022983291428866¬†‚Ä¶,0,1,0,en,0.0,1.0,0.0,0.0
@iam_azeezadio,ADIO ADENIRAN AZEEZ,2020-05-31 22:48:36,Nigeria https://pandalert.live¬† #pandemic-alert #covid19 #coronavirus #covid-19,0,0,0,en,0.0,1.0,0.0,0.0
@news_primestar,PrimeStar News,2020-05-31 22:48:19,"Covid-19: Nigeria Records 307 new Cases, Total now 10,162 
#NCDC #Nigeria #coronavirus #COVID19
https://www.primestarnews.com/covid-19-nigeria-records-307-new-casestotal-now-10162/¬†‚Ä¶ via @stylodee",0,0,0,en,0.0,1.0,0.0,0.0
@SejinPeterChoi,"Sejin Choi, MD,MSc",2020-05-31 22:47:52,"A hidden key to COVID-19 management in Korea: Public Health Doctors 
https://bit.ly/2XgobPA¬†
#COVID19 #coronavirus #CoronaWarriors #Korea #publichealthpic.twitter.com/ZItwfobhR1",0,0,1,en,0.0,1.0,0.0,0.0
@Speedi1103,CoronaDaily,2020-05-31 22:47:34,"#COVID19 #COVID #coronavirus
Last updated: May 31, 2020, 22:46 GMT
Total number of Confirmed Cases of COVID-19: 
6,249,633 
Confirmed Deaths: 
373,455
Confirmed Recovered: 
2,783,940",0,0,0,en,0.0,0.935,0.065,0.1513
@PSDnews,ProSportsDaily,2020-05-31 22:46:23,"NHL plans to test players for COVID-19 daily if games resume

#NHL #NHLTwitter #Covid19 #Coronavirus

Read More - https://bit.ly/2AtZl5H¬†pic.twitter.com/8qm4RJRsRw",0,1,0,en,0.0,1.0,0.0,0.0
@withoutcorona19,Countries Without Coronavirus Bot,2020-05-31 22:45:47,Papua New Guinea has no active cases of the novel coronavirus disease/COVID-19. #COVID19,0,0,0,en,0.145,0.707,0.148,0.0108
@MrOhIndeed,Social Distancing Since Birth,2020-05-31 22:45:17,He is in quarantine,6,0,0,en,0.0,1.0,0.0,0.0
@WorldCOVID19,WORLD UPDATES #coronavirus disease 2019 (COVID-19),2020-05-31 22:45:10,"UK

113 more UK Covid-19 deaths, announced on Sunday.

UK death toll rises by 113 to 38,489.

#coronavirus disease 2019 (COVID-19) #COVID19 pic.twitter.com/7D35zf8OrJ",0,0,0,en,0.151,0.849,0.0,-0.5994
@cyn_patterson,Cynthia Patterson,2020-05-31 22:42:53,I guess no one is worried about the rona anymore with all these riots going on. So much for quarantine and social distancing ,0,0,0,en,0.278,0.722,0.0,-0.7717
@charleshtweet,Charles Haspel,2020-05-31 22:42:49,"Asthma, Inhaled Steroids, and COVID-19 https://www.moptu.com/MarvinPortnerMD~92138¬†‚Ä¶ #Asthma #coronavirus #COVID19 #Health",0,0,0,en,0.0,1.0,0.0,0.0
@paoloigna1,paolo ignazio marong,2020-05-31 22:42:48,"I brasiliani ne avrebbero fatto a meno #Covid19:BBC News - Coronavirus: Brazil now fourth-highest nation in Covid-19 deaths
https://www.bbc.co.uk/news/world-latin-america-52868854¬†‚Ä¶",2,0,0,en,0.0,1.0,0.0,0.0
@duskdream936,duskdream,2020-05-31 22:42:44,"Wellness checkup: which are you today?
I‚Äôm probably 1 and 5
#socialdistancing #quarantine #curfew https://www.instagram.com/p/CA3pFQWhzXH/?igshid=1vzl7ge3hm1wy¬†‚Ä¶",0,0,0,en,0.0,0.821,0.179,0.504
@Viking_Masek,Viking Masek,2020-05-31 22:41:00,"Our US headquarters in Oostburg, WI remains open for business to support critical industries like food, pharmaceuticals, and medical devices. Here's how we're responding to the COVID-19 outbreak: https://ecs.page.link/y3xCx¬† #coronavirus #covid19 #wisconsin #manufacturing",0,0,0,en,0.061,0.8,0.139,0.4404
@manawang,Keegan Wang,2020-05-31 22:40:31,When can we see the hope to defeating covid-19? Let us protect ourselves and pray the normal life back soon. #covid19 #coronavirus #wearamaskpic.twitter.com/D8MVOeR7ez,0,0,0,en,0.088,0.646,0.265,0.6369
@GlobalPandemics,GlobalPandemic.NET,2020-05-31 22:39:59,"COVID-ALERT: Kareem Abdul-Jabbar defends protests and says racism is
deadlier than Covid-19 - Global Pandemic News | #Coronavirus #COVID19 - https://globalpandemic.net/news/kareem-abdul-jabbar-defends-protests-and-says-racism-isdeadlier-than-covid-19/¬†‚Ä¶pic.twitter.com/k3y7X0YaZY",0,0,0,en,0.231,0.769,0.0,-0.7184
@sir_ian_simon,Sir Ian Simon,2020-05-31 22:39:46,"|05.30.2020|
.
.
.
.
.
.
.
.
.
.
.
.
.
.
.
.
.
.
.
.
.
.
#saturday #weekend #hike #mountains #nature #quarantine #socialdistancing #yyc #lifestyle #fit #fitness #fitfam #workout #adventure #views #fun #shreds #gains‚Ä¶ https://www.instagram.com/p/CA3ovLYjTeX/?igshid=u1ifr8ydf2fg¬†‚Ä¶",3,0,0,en,0.0,0.793,0.207,0.8481
@Gabriela180201,üåúGabby& „Ö°_„Ö°''HoHo Cham,2020-05-31 22:37:41,It's ignored everywhere... since the quarantine was relaxed the cases rose... and we will know how many deaths we will have in the next 2 weeks... it's like 70 days of quarantine were not enough to understand what social distancing and taking precautions means.,0,0,1,en,0.047,0.837,0.116,0.5267
@DefNotKratos,Balls Dipped In Syrup,2020-05-31 22:35:55,All this rioting and protesting made me forget that quarantine and social distancing is still in effect.,1,1,0,en,0.239,0.761,0.0,-0.5719
@MasonMVCU,Mason M.,2020-05-31 22:34:08,"Social distancing can help prevent the spread of #coronavirus, but it can be difficult. If you‚Äôre struggling to find things to do during quarantine, @GlobeMagazine has created a list of activities for you to try at home: http://shorturl.at/oNRY5¬†
#VCUCOVID19comm #SocialDistancing pic.twitter.com/Petw1EqYl3",0,0,0,en,0.144,0.745,0.112,-0.5499
@Marie62100602,ME1963,2020-05-31 22:30:15,"I would have done the same, just in case of both falling ill and being hospitalised and no immediate child care.

He went for a drive to Barnet Castle after his self Isolation period and quarantine.

And he kept to #SocialDistancing.

And there were lies printed about him too.",1,0,1,en,0.208,0.738,0.055,-0.7845
@jaaaychoweeyo,Cho,2020-05-31 22:29:05,I get it. We all need to see some friends in our lives sometimes in this quarantine life. But don‚Äôt go be giving shit to other people hanging out with family or some friends when you‚Äôre doing the exact same thing and preaching about social distancing. Shut. Up.,2,0,0,en,0.084,0.756,0.16,0.5267
@JellyDarling,JellyDarlingüßÅ,2020-05-31 22:22:46,"The UK death toll went up by 113 yesterday. The sun came out and people really just went outside. I'm still in quarantine but every time I go to the shop the queue is so long. People not social distancing at all. 

I'm about to punch the next old lady that stands right next to me",3,1,0,en,0.043,0.957,0.0,-0.3506
@real_benhunter,Ben Hunter,2020-05-31 22:17:41,"If we don't see a SHARP, MASSIVE increase in covid cases in the next 2 weeks after all these protests, then finally get it through your head that this quarantine was BS! #SocialDistancing #plandemic",4,1,1,en,0.052,0.877,0.071,0.1759
@JimHealthpub,Jim Dougherty,2020-05-31 22:16:35,"Glad you could break out of your quarantine for the photo ops.  So, violating social distancing is fine for everyone now.  

Guess the argument for mail voting just went up in smoke. 

Proxy wasn‚Äôt really necessary either.  

Democrats own this.",4,0,1,en,0.128,0.769,0.103,-0.296
@TkoProgressives,‚ùåBasket of TrophiesüèÜ,2020-05-31 22:15:37,How do you allow for protests when we are supposed to be on quarantine?  Will you have measures to ensure social distancing.  We have seen no plan of action for that.,3,0,0,en,0.115,0.758,0.126,0.1027
@qprmicky,mick,2020-05-31 22:11:21,"Which VE day celebrations did you see where people ignored lock down regulations & social distancing, idiots who decided to crowd the Blackpool beach are as ignorant fools & should've been placed in enforced  quarantine for 14 days",0,0,1,en,0.178,0.822,0.0,-0.765
@dheveed,#Boss_OluwaseunüíØ‚úåÔ∏èüíï,2020-05-31 22:09:28,"Due to stay-at-home orders and social distancing guidelines across America, many couples are spending more uninterrupted time than ever together in coronavirus quarantine. http://trib.al/qmgpJkt¬†",0,0,0,en,0.0,1.0,0.0,0.0
@NYDailyNews,New York Daily News,2020-05-31 22:07:05,"Due to stay-at-home orders and social distancing guidelines across America, many couples are spending more uninterrupted time than ever together in coronavirus quarantine. https://trib.al/qmgpJkt¬†",11,9,6,en,0.0,1.0,0.0,0.0
@ginajpate,Gina Pate,2020-05-31 22:06:29,"She is such a fool!  Was she wearing a mask?  Was she doing social distancing?  Is she going to self quarantine? Well, it is the only way she can have a crowd.  Did someone wake up Sleepy Joe and tell him?  They probably had to tell him who she is. ",12,3,2,en,0.077,0.885,0.039,-0.4682
@ZenNn21,ZenNn,2020-05-31 22:06:04,"June 1, 2020
General Community Quarantine
I hope everyone follows strict precaution..
Social distancing, wear a mask, wash hands/alcohol, avoid crowded areas as much as possible.,",3,0,0,en,0.076,0.825,0.1,0.1779
@majterte,m a j,2020-05-31 22:03:24,"After quarantine look chareng.  God bless sa lahat ng papasok. Alam kong impossible ang social distancing ngayon bc of GCQ, pls observe social distancing and always do hand hygiene  pic.twitter.com/MNnH9L8T7j",14,1,0,en,0.0,0.734,0.266,0.8126
@GetBreadLilGreg,üí´$upaNa¬¢ho üí´ Tha Racc Racer üí∞üèéüí®üèÅ,2020-05-31 21:58:21,It went just how they wanted it to. Well almost. Quarantine us in the crib cause that peon ass virus. Have everybody scared to gather. They continue to do fuck shit. They ain‚Äôt expect us to say fuck social distancing and riot tho. Now they tryna get the plan back together.,1,1,0,en,0.309,0.66,0.031,-0.9612
@LeeHillerLondon,Lee Hiller üåèüåøVegan‚ìãVoterüíôüî•,2020-05-31 21:55:06,"
#facemasks #facemasks4all
#gifts #shoppingonline #healthandsafety#onlineshopping #socialdistancing #Quarantine
CDC recommends the use of cloth face coverings to supplement social distancing in fight against spread of  #covid19
http://bitly.com/FashionFaceMasks¬†‚Ä¶pic.twitter.com/hs9Os9XqxT",0,0,0,en,0.088,0.847,0.064,-0.1779
@hobobaggins99,Hobobaggins99,2020-05-31 21:41:47,"#covid19 Good news everybody! @Coronavirus is over! No more quarantine, social distancing or masks needed! Be sure to share this information. The media completely stopped talking about anything about coronavirus, and is ignoring the rioters not wearing masks or social distancing",0,0,0,en,0.141,0.695,0.164,0.2921
@yabbietol,üíßTerry O üåä L,2020-05-31 21:40:25,"Coronavirus: The mystery of 'silent spreaders' - BBC News
Still no way of identifying silent spreaders #covid19 short of mass testing & contact tracing. 

Lockdown, social distancing, quarantine, masks, PPE & hygiene are still only sure ways to stop spread https://www.bbc.co.uk/news/uk-52840763¬†‚Ä¶",0,0,0,en,0.096,0.853,0.05,-0.2732
@rtehrani,Rich Tehrani,2020-05-31 21:40:02,"Will COVID-19 Mandates Take All the Fun (and Business Viability) Out of Amusement Parks?  https://buff.ly/3dieQfS¬†
#pandemictech @news_pandemic #CoronaVirus #CoronaVirusOutbreak #COVID2019 #covid19 #virus #Corona #pandemic #Quarantine #socialdistancing #batflu #Wuhan #medtwitterpic.twitter.com/UMmixtdWWF",0,0,0,en,0.0,0.823,0.177,0.7003
@waydande_prasad,Prasad Waydande,2020-05-31 21:39:36,"@MumbaiPolice 
Continuous loud chattering & Music is observed since over past 2 hours by three men who appear to be drinking in a public place behind the 22 Storey Quarantine Centre in Pratiksha Nagar Mumbai 22. No masks (Oh, of course they're drinking), No Social distancing",0,0,1,en,0.091,0.909,0.0,-0.5267
@ashuWtf,Ashutosh Warang,2020-05-31 21:33:13,"Well great, looks like social distancing and quarantine is not valid outside the atmosphere. Anymore flights headed to the ISS then? And how do we sign up? https://twitter.com/Erdayastronaut/status/1267145890894155776¬†‚Ä¶",1,0,0,en,0.0,0.742,0.258,0.8426
@unicornsnvelvet,unicornsnvelvetüá∫üá∏‚≠êÔ∏è‚≠êÔ∏è‚≠êÔ∏èüò∑üßªü¶†üá∫üá∏‚≠êÔ∏è‚≠êÔ∏è‚≠êÔ∏è (((+))),2020-05-31 21:32:44,"Funny- we are still locked in our homes?? Can‚Äôt remember why, Oh! Quarantine! Guess we are all released, don‚Äôt hear any KARENs screaming now. There is absolutely no social distancing being practiced- I need to work!",0,0,1,en,0.15,0.781,0.069,-0.5313
@DupontYou,Jonah Dupont-You Matter,2020-05-31 21:29:45,Thank you Debbie (Loblaws) for arranging my cake it means a lot and it tasted so yummy. #fightcovid #covid19 #pandemic #youmatter is #loblaws #creditlanding #mississauga #portcredit #soccer #spreadingjoy #cake #socialdistancedbirthday #socialdistancing #quarantine #birthdaypic.twitter.com/4mTiog0ZUa,1,0,0,en,0.0,0.819,0.181,0.7824
@LYBObiz,Leverage Your Business Online,2020-05-31 21:28:59,Takeaway businesses on Exeter Quay have said they will be forced to close if people continue to ignore #socialdistancing. #stayhome #coronavirus #covid #quarantine #lockdown #staysafehttps://www.bbc.com/news/uk-england-devon-52860455¬†‚Ä¶,0,0,0,en,0.186,0.814,0.0,-0.6705
@CharlesWaywood,Charles Waywood,2020-05-31 21:25:10,"Now we're going to accept curfews... along with home quarantine, masks, social distancing, etc. because White Collar AntifaGoon mayors, police, and governors refuse to react? So Now curfews? Sure, that fits the whole narrative.",0,0,0,en,0.057,0.801,0.143,0.5145
@OToyin6,Ajibode O'Toyin,2020-05-31 21:24:15,"2020 Word index: Coronavirus(Covid 19),China(Wuhan),quarantine, isolation,social distancing,facemask, sanitizer,pandemic,flattening the curve,postpone, #stayhome, 5G, ventilators, police,#JusticeForTina, #JusticeForUwa, #JusticeForGeorgeFloyd, #ICantBreathe #BLACK_LIVES_MATTER",1,1,1,en,0.0,1.0,0.0,0.0
@jamiefaith3,Jamie Nalbandyan,2020-05-31 21:24:10,Quarantine mood #tiktok #disney #daughter #princess #momlife #girlmom #socialdistancing #quarantine #insideout #momsofinstagram #goawaycoronavirus #calimom #california #love #instagood #igers #motherhood #happy‚Ä¶ https://www.instagram.com/p/CA3gEZaJwWQ/?igshid=seicmhgupeby¬†‚Ä¶,0,0,0,en,0.0,0.833,0.167,0.6369
@2bfreegirl,Conservatina,2020-05-31 21:18:53,WTF they are not social distancing arrest them all for quarantine. https://twitter.com/Kakubagerald/status/1267013107274190848¬†‚Ä¶,0,0,0,en,0.258,0.626,0.116,-0.5419
@frailstateofkie,daydream,2020-05-31 21:17:28,"so y'all break social distancing & quarantine bc u can't resist kick-backs, shopping, & sex w ur ex, but shxt-talk people out there protesting ??? ok",107,34,0,en,0.137,0.773,0.09,-0.3485
@spicynashton,blm,2020-05-31 21:16:59,REALLY fucking INTERESTING the amount of people who had no issue breaking quarantine two weeks ago and posting it to Instagram stories... are now in their homes either not helping the cause OR are tweeting about how the protestors aren‚Äôt social distancing.,16,6,1,en,0.086,0.816,0.098,0.3844
@Mercer306,Merc,2020-05-31 21:04:11,"As of right now, lockdowns, quarantine, social distancing and masks are over with. Go out and enjoy yourselves while you still can @PremierScottMoe they never worked in the 1st place. Welcome back to normalcy. Weve missed you #CovidHoax #wearedone",3,2,0,en,0.05,0.811,0.14,0.6124
@mjmabq,Mary Jo,2020-05-31 21:00:34,"The riots certainly ended the quarantine and being cooped up for two months with the threat of being arrested and thrown in jail for not social distancing. These kids lost their sports, their graduations and their prospects for starting their careers.",3,1,1,en,0.234,0.677,0.089,-0.8176
@M1L_,michele,2020-05-31 21:00:21,"Awesome #cocktail thanks robert.mayer.1313 beautiful day today miss #myfamily #quarantine #socialdistancing @ Hicksville, New York https://www.instagram.com/p/CA3dXisg-t6/?igshid=ab40vklrpw0f¬†‚Ä¶",0,0,0,en,0.063,0.51,0.427,0.8834
@rtehrani,Rich Tehrani,2020-05-31 20:50:02,"8 ways to bring your employees back to work https://buff.ly/2ZTNvgb¬†
#pandemictech @news_pandemic #CoronaVirus #CoronaVirusOutbreak #COVID2019 #covid19 #virus #Corona #pandemic #Quarantine #socialdistancing #batflu #Wuhan #medtwitterpic.twitter.com/NFXL3KREh1",0,1,0,en,0.0,1.0,0.0,0.0
@achamomiletea,afshan,2020-05-31 20:48:56,Social distancing: The gentler cousin of Quarantine,0,0,0,en,0.0,0.714,0.286,0.34
@DrHyken,Dr. Russell Hyken,2020-05-31 20:40:06,How to #Prepare for #Life after #Quarantine. #MentalHealth #Health #Pandemic #SocialDistancing #Stages #HealthyHabits #Awareness #SelfAwareness #Adjustment #Change #Caution #Stress #Anxiety #Friends #Family #Socialization #Outdoors #Healing @PsychTodayhttps://www.psychologytoday.com/us/blog/the-psychology-weight-loss/202005/tips-coping-reopening-during-covid-19¬†‚Ä¶,1,0,0,en,0.142,0.759,0.098,-0.1027
@LeeHillerDesign,LeeHillerDesigns ‚ìãüåø,2020-05-31 20:36:06,"
#facemasks #facemasks4all #flag
#gifts #shoppingonline #healthandsafety #onlineshopping #socialdistancing #Quarantine
CDC recommends the use of cloth face coverings to supplement social distancing in fight against spread of  #covid19
http://bitly.com/FashionFaceMasks¬†‚Ä¶pic.twitter.com/qG0UboeM8p",0,0,0,en,0.083,0.857,0.06,-0.1779
@sunrisescholar,Sunrise Scholars Foundation,2020-05-31 20:32:10,Mr. Sommers getting ready for our #quarantinestaffmeeting  #formalfriday #collegeadmissions #collegecounselor #jetski #florida #freecollegecounseling #socialdistancing #quarantine #sunrisescholars‚Ä¶ https://www.instagram.com/p/CA3aI_8FZdG/?igshid=1x6ypf8srsjji¬†‚Ä¶,0,0,0,en,0.0,0.872,0.128,0.3612
@zumbaplanet,zumbaplanet,2020-05-31 20:28:24,Social distance mug | happy birthday in quarantine | happy quarantined | la cuarentena | Virtual Meetings | Quarantine work at home jokes https://etsy.me/2TXKCqJ¬† #socialdistancing #elementaryschool #highschool #grapic.twitter.com/8ng5cWtjC7,0,0,0,en,0.0,0.727,0.273,0.8555
@amarom46388487,amarom,2020-05-31 20:26:47,"There are so many cases in Shalimar Bagh now,nobody knows how many positive persons are there in home quarantine also . Yesterday many cases in BP30 also , all home quarantine. Plus a Corona testing and quarantine centre opposite BP block, no social distancing outside that also.",0,1,0,en,0.097,0.835,0.068,-0.128
@LeeHillerLondon,Lee Hiller üåèüåøVegan‚ìãVoterüíôüî•,2020-05-31 20:22:06,"
#facemasks #facemasks4all
#gifts #shoppingonline #healthandsafety #socialdistancing #onlineshopping #Quarantine
CDC recommends the use of cloth face coverings to supplement social distancing in fight against spread of  #covid19
http://bitly.com/FashionFaceMasks¬†‚Ä¶pic.twitter.com/0gnYEo1krh",0,0,0,en,0.085,0.852,0.062,-0.1779
@iamstones_,R&B Stones ü•∂,2020-05-31 20:21:04,Went from social distancing and quarantine to protests and riots in a few weeks man this shit ridiculous,1,0,0,en,0.461,0.539,0.0,-0.899
@themiss_harris,Makayla Harris,2020-05-31 20:21:00,"eLearning Alabama is a great opportunity to receive extra professional development without having to level your home! It is perfect, especially with social distancing and quarantine! https://twitter.com/wicksk2577/status/975559674127929345¬†‚Ä¶",0,0,0,en,0.0,0.691,0.309,0.9039
@trippiesbae,shabree,2020-05-31 20:19:55,the same celebrities that didn‚Äôt give a fuck about social distancing and went to see their friends during quarantine are the same mfs that need to be out protesting for justice!!!! a lot of them real quiet rn,5,0,0,en,0.131,0.709,0.16,0.3331
@IDeserveProject,Kelly A. Soto,2020-05-31 20:19:10,"Summa Summa Summa time!    #family #quarantine #quarantinelife #socialdistancing #summasummatime @ Bayonne, New Jersey https://www.instagram.com/p/CA3YpvtFZBA/?igshid=sxn6zvpig1mu¬†‚Ä¶",0,0,0,en,0.0,1.0,0.0,0.0
@ukulele_chick,Kit Social Distancing the HELL Out of The Pandemic,2020-05-31 20:17:39,Warm spring day suburban quarantine sounds: Leaf blower. High pitched sound that might be a vacuum cleaner. Lawn mower. Leaf blower. Traffic on the Anthony Henday. Birds. LEAF BLOWER. Circular saw. Blood-curdling screams from a child. Weed whacker. Leaf. Fucking. Blower.,4,0,1,en,0.05,0.868,0.082,0.1027
@LolOkLiberal,Lol Ok Liberal,2020-05-31 20:16:11,Weird because I dont see any rioters and looters in quarantine nor social distancing ,0,0,1,en,0.116,0.884,0.0,-0.1779
@Renan_ITek,Renan Savidan,2020-05-31 20:06:10,Quarantine fatigue is real: Why Americans are tiring of social distancing and handwashing https://www.fastcompany.com/90511048/quarantine-fatigue-is-real-why-americans-are-tiring-of-social-distancing-and-hand-washing?partner=feedburner&utm_source=feedburner&utm_medium=feed&utm_campaign=Feed%3A+fastcompany%2Fheadlines+%28Fast+Company%29¬†‚Ä¶,0,0,0,en,0.125,0.875,0.0,-0.25
@Tamarsb88,Tamar SB,2020-05-31 20:04:24,"Little reminders ‚Äúnormal‚Äù is a thing of the past...

#picturethis365 #152_beware #takethatcovid19 #quarantine #socialdistancing #brookline #slowthespread #flattenthecurve #jj_community @ Brookline, Massachusetts https://www.instagram.com/p/CA3W9esAIPR/?igshid=5p679na57me1¬†‚Ä¶",0,0,0,en,0.0,1.0,0.0,0.0
@eggpr0n,ChipChapChop,2020-05-31 19:59:03,"Shortness of Breath -- I Can't Breathe
Fever -- City on Fire
Social Distancing -- Riots
Quarantine -- Curfew / Martial Law

I wonder what the Murder Hornets was supposed to be?

#COVID19 #riots2020 #GeorgeFloydProtests #MemeMagic",0,0,0,en,0.24,0.76,0.0,-0.886
@pearlandcodhk,Pearl and Company,2020-05-31 19:58:01,Quarantine fatigue is real: Why Americans are tiring of social distancing and handwashing https://www.fastcompany.com/90511048/quarantine-fatigue-is-real-why-americans-are-tiring-of-social-distancing-and-hand-washing¬†‚Ä¶ #digitaltransformation,0,0,0,en,0.118,0.882,0.0,-0.25
@CrystalJaudon,Crystal Jaudon,2020-05-31 19:56:54,"Mad World

#acancersworld #sagrising #quarantine #bewell #gettheebehindmesatan #socialdistancing #dystopia @ Love And Peace Wellness Center https://www.instagram.com/p/CA3WGrFgmWg/?igshid=1noonpkbbo9rs¬†‚Ä¶",0,1,0,en,0.119,0.485,0.396,0.8126
@Petite0ne,üïäÔ∏èüçÉùìüùìÆùìΩùì≤ùìΩùìÆüå∫0ùì∑ùìÆüçÉüïäÔ∏è,2020-05-31 19:56:14,"If all this quarantine & ‚Äúsocial distancing‚Äù did nothing else, it does make you appreciate the small things. We actually ate outside at a restaurant yesterday and it was wonderful  it‚Äôs been so long!",0,0,0,en,0.0,0.827,0.173,0.7712
@EdsPurgatory,ü•îEd's purgatory quarantine ‚ô±‚õ™,2020-05-31 19:55:36,"The only positive to come from these riots is that we know the virus quarantine is over. No masks needed. 6ft social distancing is no longer a thing. 

Carry on with life as it was before March.",45,6,4,en,0.174,0.745,0.081,-0.4767
@daraakayee,dara,2020-05-31 19:55:31,"Not the bitches who been partying with their friends since quarantine started, talking about these protestors not social distancing.. cmon",25,5,3,en,0.0,0.658,0.342,0.8336
@HackswithHaggs,Joe Haggerty,2020-05-31 19:51:29,It‚Äôs reached the point in our social distancing/quarantine experience that I‚Äôm just wearing @starwars jerseys each day at home. Here‚Äôs another one of my favs: A @jacksongenerals jersey with the climactic Darth Vader/Obi-Wan Kenobi lightsaber battle on the Death Starpic.twitter.com/2R6BnxaJ5F,3,0,0,en,0.145,0.824,0.031,-0.7269
@bigalpo1,bigalpo,2020-05-31 19:50:53,"Hey Sue, it‚Äôs over. Quarantine is over. Social distancing is over. No one gives a shit anymore.",0,0,0,en,0.279,0.721,0.0,-0.7003
@Chandan94378397,Chandan kumar Singh,2020-05-31 19:49:59,"Sir where is the social distancing. The buses coming from District to block is fully occupied and even more members are inside. Officers allow Stranded migrants to leave Quarantine centre in 4 to 5 days instead of 14 days and that also without medical test.
         ",1,0,0,en,0.085,0.875,0.04,-0.296
@Travelnpack,Packing Itüéí,2020-05-31 19:49:22,"No issues in Germany. Though no longer in lockdown, still have restrictions about masks in buildings, on public trans, social distancing, etc..No big issue for me. Get use to it. Many borders opening next months w/out quarantine restrictions #notalonetalk",5,0,1,en,0.106,0.894,0.0,-0.5267
@fuckafakesmilea,ùêºùìÅùìãùìé‚ô°BLM ACAB,2020-05-31 19:43:06,i'm sorry but weren't you republicans the ones who protested against quarantine and social distancing just a few weeks ago?....,13,0,0,en,0.139,0.861,0.0,-0.2263
@skipper_jenna,Jenna Nicole,2020-05-31 19:42:35,Ventured out into the world today for the first time in a long time. Idk which upsets me more...being locked away in my house getting depressed or being out in the general public with no one respecting social distancing and masks. #quarantine,0,0,0,en,0.245,0.755,0.0,-0.8758
@Alpine80s,Rob A,2020-05-31 19:41:16,"In a few short days Dems proved:

1. No need for Covid lockdowns, quarantine, social-distancing, & masks.

2. No basis for mail-in voting.

3. Absolute *NEED* for AR-15's #2Amendment 

I guess they are useful for something after all.",0,0,0,en,0.104,0.827,0.069,-0.128
@mukindiag,mukindia ireri,2020-05-31 19:36:52,"The rights are fully disregarded while people like @AtwoliDza organises big parties with no regard to social distancing and the govt doesn't place him on quarantine. 
Am ashamed being a Kenyan",0,0,0,en,0.208,0.66,0.132,-0.4576
@Paruch,Dennis Paruch üá∫üá∏,2020-05-31 19:36:12,"@DrSamPage when can we expect comments about these events? 

You were quick to issue an alert regarding Lake of the Ozarks lack of social distancing. 
What about the lack of social distancing at protests in STL Co? Requesting 14 day self-quarantine?

What about the crimes?",0,0,1,en,0.147,0.809,0.043,-0.644
@badluckBryannn,Bryan,2020-05-31 19:34:16,Bruhh they going to extend the quarantine because ppl can't practice social distancing. I just want to go out and hang out with the bois,2,0,0,en,0.0,0.885,0.115,0.25
@randaa__pandaaa,randapanda,2020-05-31 19:32:49,"Those that were so heavy on agreeing with me on quarantine & social distancing for covid-19 (which is still happening btw), 
but silent for the lives of Black ppl, where y‚Äôall at?
This don‚Äôt hit close enough to home?",1,1,0,en,0.0,0.945,0.055,0.2941
